Name,Twitter,hansard_member_id,hansard_member_name,Party,Constituency,2015MP,2010MP
Adam Afriyie ,@AdamAfriyie ,uk.m.11929,Adam Afriyie,Conservative,Windsor,1,
Adam Holloway ,@AdamHollowayMP ,uk.m.11599,Adam Holloway,Conservative,Gravesham,1,
Adrian Bailey ,@AdrianBailey4MP ,uk.m.10683,Adrian Bailey,Labour Co-operative,West Bromwich West,1,
Alan Brown ,@AlanBrownSNP ,.,.,Labour Co-operative,Kilmarnock and Loudoun,1,
Aidan Burley,.,uk.m.24844,Aidan Burley,,,,
Alan Campbell ,@alancampbellmp ,uk.m.10086,Alan Campbell,Labour,Tynemouth,1,
Alan Duncan ,@AlanDuncanMP ,uk.m.10179,Alan Duncan,Conservative,Rutland and Melton,1,
Alan Haselhurst ,.,uk.m.10263,Alan Haselhurst,Conservative,Saffron Walden,1,
Alan Johnson ,.,uk.m.10314,Alan Johnson,Labour,Kingston upon Hull West and Hessle,1,
Alan Mak ,@AlanMakMP ,.,.,Conservative,Havant,1,
Alan Keen,.,uk.m.10329,Alan Keen,,,,1
Alan Meale ,.,uk.m.10428,Alan Meale,Labour,Mansfield,1,
Alan Whitehead ,@alanwhiteheadmp ,uk.m.10630,Alan Whitehead,Labour,Southampton Test,1,
Alasdair McDonnell ,@AlasdairMcD_MP ,.,.,SDLP,Belfast South,1,
Albert Owen ,@AlbertOwenMP ,uk.m.11148,Albert Owen,Labour,Ynys Môn (Anglesey),1,
Alberto Costa ,@AlbertoCostaMP ,.,.,Conservative,South Leicestershire,1,
Alec Shelbrooke ,@AlecShelbrooke ,uk.m.24893,Alec Shelbrooke,Conservative,Elmet and Rothwell,1,
Alex Chalk ,@AlexChalkChelt ,.,.,Liberal Democrats,Cheltenham,1,
Alex Cunningham ,@ACunninghamMP ,uk.m.24742,Alex Cunningham,Labour,Stockton North,1,
Alex Salmond ,@AlexSalmond ,.,.,Liberal Democrats,Gordon,1,
Alison McGovern ,@Alison_McGovern ,uk.m.24897,Alison McGovern,Labour,Wirral South,1,
Alison Seabeck,.,uk.m.11760,Alison Seabeck,,,,1
Alison Thewliss ,@alisonthewliss ,.,.,Labour,Glasgow Central,1,
Alistair Burt ,@AlistairBurtMP ,uk.m.10770,Alistair Burt,Conservative,North East Bedfordshire,1,
Alistair Darling,.,uk.m.10153,Alistair Darling,,,,
Alistair Carmichael ,@acarmichaelmp ,.,.,Liberal Democrats,Orkney and Shetland,1,
Alok Sharma ,@AlokSharma_RDG ,uk.m.24902,Alok Sharma,Conservative,Reading West,1,
Alun Cairns ,@AlunCairns ,uk.m.24740,Alun Cairns,Conservative,Vale of Glamorgan,1,
Alun Michael,@alunmichael,uk.m.10431,Alun Michael,,,,1
Amanda Milling ,@amandamilling ,.,.,Conservative,Cannock Chase,1,
Amanda Solloway ,@ASollowayMP,.,.,Labour,Derby North,1,
Amber Rudd ,@AmberRudd_MP ,uk.m.24795,Amber Rudd,Conservative,Hastings and Rye,1,
Anas Sarwar,@AnasSarwar,uk.m.24738,Anas Sarwar,,,,1
Andrea Jenkyns ,@andreajenkyns ,.,.,Labour Co-operative,Morley and Outwood,1,
Andrea Leadsom ,@andrealeadsom ,uk.m.24829,Andrea Leadsom,Conservative,South Northamptonshire,1,
Andrew Bingham ,@HighPeakAndrew ,uk.m.24748,Andrew Bingham,Conservative,High Peak,1,
Andrew Bridgen ,@AndrewBridgenMP ,uk.m.24741,Andrew Bridgen,Conservative,North West Leicestershire,1,
Andrew Griffiths ,@agriffithsmp ,uk.m.24826,Andrew Griffiths,Conservative,Burton,1,
Andrew Gwynne ,@GwynneMP ,uk.m.11531,Andrew Gwynne,Labour,Denton and Reddish,1,
Andrew Jones ,@AJonesMP ,uk.m.24758,Andrew Jones,Conservative,Harrogate and Knaresborough,1,
Andrew Lansley,@AndrewDLansley,uk.m.10349,Andrew Lansley,,,,1
Andrew Love,.,uk.m.10372,Andrew Love,,,,1
Andrew Miller,@APMiller1949,uk.m.10435,Andrew Miller,,,,1
Andrew Mitchell ,.,uk.m.11115,Andrew Mitchell,Conservative,Sutton Coldfield,1,
Andrew Murrison ,@murrisonMP ,uk.m.11132,Andrew Murrison,Conservative,South West Wiltshire,1,
Andrew Percy ,@andrewpercy ,uk.m.24832,Andrew Percy,Conservative,Brigg and Goole,1,
Andrew Robathan,.,uk.m.10503,Andrew Robathan,,,,1
Andrew Rosindell ,@AndrewRosindell ,uk.m.11199,Andrew Rosindell,Conservative,Romford,1,
Andrew Selous ,@AndrewSelous ,uk.m.11216,Andrew Selous,Conservative,South West Bedfordshire,1,
Andrew Smith ,@AndrewSmithMP ,uk.m.10545,Andrew Smith,Labour,Oxford East,1,
Andrew Stephenson ,@Andrew4Pendle ,uk.m.24759,Andrew Stephenson,Conservative,Pendle,1,
Andrew Turner ,@TheIslandsMP ,uk.m.11291,Andrew Turner,Conservative,Isle of Wight,1,
Andrew Tyrie ,.,uk.m.10613,Andrew Tyrie,Conservative,Chichester,1,
Andy Burnham ,@andyburnhammp ,uk.m.10766,Andy Burnham,Labour,Leigh,1,
Andy McDonald ,@AndyMcDonaldMP ,uk.m.25169,Andrew McDonald,Labour,Middlesbrough,1,
Andy Sawford,@andy_sawford,uk.m.25167,Andy Sawford,,,,
Andy Slaughter ,@hammersmithandy ,uk.m.11559,Andy Slaughter,Labour,Hammersmith,1,
Angela Crawley ,@AngelaCrawleyMP ,.,.,Labour,Lanark and Hamilton East,1,
Angela Eagle ,@angelaeagle ,uk.m.10182,Angela Eagle,Labour,Wallasey,1,
Angela Rayner ,@AngelaRayner ,.,.,Labour,Ashton-under-Lyne,1,
Angela Smith ,@angelasmithmp ,uk.m.11814,Angela Smith,Labour,Penistone and Stocksbridge,1,
Angela Watkinson ,@AngelaWatkinson,uk.m.11308,Angela Watkinson,Conservative,Hornchurch and Upminster,1,
Angie Bray,.,uk.m.24952,Angie Bray,,,,
Angus MacNeil ,@AngusMacNeilSNP,.,.,SNP,Na h-Eileanan an Iar (Western Isles),1,
Angus Robertson ,@AngusRobertson ,.,.,SNP,Moray,1,
Ann Clwyd ,@AnnClwyd ,uk.m.10120,Ann Clwyd,Labour,Cynon Valley,1,
Ann Coffey ,@anncoffey_mp ,uk.m.10122,Ann Coffey,Labour,Stockport,1,
Anna Soubry ,@Anna_Soubry ,uk.m.24772,Anna Soubry,Conservative,Broxtowe,1,
Anna Turley ,@annaturley ,.,.,Liberal Democrats,Redcar,1,
Anne Begg,@annebegg,uk.m.10032,Anne Begg,,,,1
Anne Main ,.,uk.m.11798,Anne Main,Conservative,St Albans,1,
Anne Marie Morris ,@AMMorrisMP ,uk.m.24912,Anne-Marie Morris,Conservative,Newton Abbot,1,
Ann McKechin,.,uk.m.11076,Ann McKechin,,,,1
Anne McGuire,@AnneMcGuire97,uk.m.10388,Anne McGuire,,,,1
Anne McLaughlin ,@AnneMcLaughlin ,.,.,Labour,Glasgow North East,1,
Anne McIntosh,@AnneCMcIntosh,uk.m.10389,Anne McIntosh,,,,1
Anne Milton ,@AnneMiltonMP ,uk.m.11603,Anne Milton,Conservative,Guildford,1,
Anne-Marie Trevelyan ,@annietrev ,.,.,Liberal Democrats,Berwick-upon-Tweed,1,
Antoinette Sandbach ,@ASandbachMP ,.,.,Conservative,Eddisbury,1,
Austin Mitchell,.,uk.m.10436,Austin Mitchell,,,,1
Barbara Keeley ,@KeeleyMP ,uk.m.11943,Barbara Keeley,Labour,Worsley and Eccles South,1,
Barry Gardiner ,@BarryGardiner ,uk.m.10220,Barry Gardiner,Labour,Brent North,1,
Barry Sheerman ,@BarrySheerman ,uk.m.10534,Barry Sheerman,Labour Co-operative,Huddersfield,1,
Ben Bradshaw ,@BenPBradshaw ,uk.m.10061,Ben Bradshaw,Labour,Exeter,1,
Ben Gummer ,@ben4ipswich ,uk.m.24922,Ben Gummer,Conservative,Ipswich,1,
Ben Howlett ,@ben4bath ,.,.,Liberal Democrats,Bath,1,
Ben Wallace ,@BWallaceMP ,uk.m.11668,Ben Wallace,Conservative,Wyre and Preston North,1,
Bernard Jenkin ,@bernardjenkin ,uk.m.10312,Bernard Jenkin,Conservative,Harwich and North Essex,1,
Bill Cash ,@BillCashMP ,.,.,Conservative,Stone,1,
Bill Esterson ,@Bill_Esterson ,uk.m.24905,Bill Esterson,Labour,Sefton Central,1,
Bill Wiggin ,@BillWigginMP,uk.m.11318,Bill Wiggin,Conservative,North Herefordshire,1,
Bob Ainsworth,.,uk.m.10005,Bob Ainsworth,,,,1
Bob Blackman ,@bobblackmanmp ,uk.m.24945,Bob Blackman,Conservative,Harrow East,1,
Bob Neill ,@neill_bob ,uk.m.13736,Bob Neill,Conservative,Bromley and Chislehurst,1,
Bob Stewart ,.,uk.m.24907,Bob Stewart,Conservative,Beckenham,1,
Boris Johnson ,@BorisJohnson ,.,.,Conservative,Uxbridge and South Ruislip,1,
Brandon Lewis ,@BrandonLewis ,uk.m.24879,Brandon Lewis,Conservative,Great Yarmouth,1,
Brendan O'Hara ,@BrendanOHaraSNP ,.,.,Liberal Democrats,Argyll and Bute,1,
Brian Binley,.,uk.m.11742,Brian Binley,,,,1
Brian H Donohoe,.,uk.m.10173,Brian H Donohoe,,,,
Bridget Phillipson ,@bphillipsonMP ,uk.m.24709,Bridget Phillipson,Labour,Houghton and Sunderland South,1,
Brooks Newmark,.,uk.m.11443,Brooks Newmark,,,,1
Byron Davies ,@Byron_Davies ,.,.,Labour,Gower,1,
Callum McCaig ,@callum_mccaig ,.,.,Labour,Aberdeen South,1,
Calum Kerr ,@CalumKerrSNP ,.,.,Liberal Democrats,"Berwickshire, Roxburgh and Selkirk",1,
Carol Monaghan ,@CMonaghanMP ,.,.,Labour,Glasgow North West,1,
Caroline Ansell ,@Caroline_Ansell ,.,.,Liberal Democrats,Eastbourne,1,
Caroline Dinenage ,@cj_dinenage ,uk.m.24873,Caroline Dinenage,Conservative,Gosport,1,
Caroline Flint ,@CarolineFlintMP ,uk.m.10202,Caroline Flint,Labour,Don Valley,1,
Caroline Lucas ,@CarolineLucas ,.,.,Green Party,Brighton Pavilion,1,
Caroline Nokes ,@carolinenokes ,uk.m.24809,Caroline Nokes,Conservative,Romsey and Southampton North,1,
Caroline Spelman ,@spelmanc ,uk.m.10559,Caroline Spelman,Conservative,Meriden,1,
Carolyn Harris ,@carolynharris24 ,.,.,Labour,Swansea East,1,
Cat Smith ,@CatSmithMP ,.,.,Conservative,Lancaster and Fleetwood,1,
Catherine McKinnell ,@CatMcKinnellMP ,uk.m.24818,Catherine McKinnell,Labour,Newcastle upon Tyne North,1,
Cathy Jamieson,@cathyjamieson,uk.m.24726,Cathy Jamieson,,,,1
Catherine West ,@CatherineWest1 ,.,.,Liberal Democrats,Hornsey and Wood Green,1,
Charles Hendry,@charles_hendry,uk.m.10955,Charles Hendry,,,,1
Charles Walker ,.,uk.m.11461,Charles Walker,Conservative,Broxbourne,1,
Charlie Elphicke ,@CharlieElphicke ,uk.m.24777,Charlie Elphicke,Conservative,Dover,1,
Charlotte Leslie ,@CLeslieMP ,uk.m.24891,Charlotte Leslie,Conservative,Bristol North West,1,
Cheryl Gillan ,@CherylGillanMP ,uk.m.10228,Cheryl Gillan,Conservative,Chesham and Amersham,1,
Chinyelu Onwurah ,@ChiOnwurah ,uk.m.24807,Chi Onwurah,Labour,Newcastle upon Tyne Central,1,
Chloe Smith ,@NorwichChloe ,uk.m.24691,Chloe Smith,Conservative,Norwich North,1,
Chris Bryant ,@RhonddaBryant ,uk.m.10761,Chris Bryant,Labour,Rhondda,1,
Chris Evans ,@ChrisEvansMP ,uk.m.24721,Chris Evans,Labour Co-operative,Islwyn,1,
Chris Grayling ,@CommonsLeader,uk.m.10920,Chris Grayling,Conservative,Epsom and Ewell,1,
Chris Green ,@ChrisGreenMP ,.,.,Labour,Bolton West,1,
Chris Heaton-Harris ,@chhcalling ,uk.m.24841,Chris Heaton-Harris,Conservative,Daventry,1,
Chris Kelly,.,uk.m.24838,Chris Kelly,,,,1
Chris Law ,@ChrisLawSNP ,.,.,Labour,Dundee West,1,
Chris Leslie ,@ChrisLeslieMP ,uk.m.10354,Christopher Leslie,Labour Co-operative,Nottingham East,1,
Chris Matheson ,@ChrisM4Chester ,.,.,Conservative,City of Chester,1,
Chris Philp ,@chrisphilp_mp ,.,.,Conservative,Croydon South,1,
Chris Ruane,.,uk.m.10518,Chris Ruane,,,,
Chris Skidmore ,@cskidmoremp ,uk.m.24713,Chris Skidmore,Conservative,Kingswood,1,
Chris Stephens ,@ChrisStephens ,.,.,Labour Co-operative,Glasgow South West,1,
Chris White ,@ChrisWhite_MP ,uk.m.24959,Chris White,Conservative,Warwick and Leamington,1,
Chris Williamson,@ChriswMP,uk.m.24830,Chris Williamson,,,,
Christina Rees ,@Rees4Neath ,.,.,Labour,Neath,1,
Christopher Chope ,.,uk.m.10103,Christopher Chope,Conservative,Christchurch,1,
Christopher Davies ,@ChrisDavies_MP ,.,.,Liberal Democrats,Brecon and Radnorshire,1,
Christopher Pincher ,@ChrisPincher ,uk.m.24747,Christopher Pincher,Conservative,Tamworth,1,
Chuka Umunna ,@ChukaUmunna ,uk.m.24950,Chuka Umunna,Labour,Streatham,1,
Claire Perry ,@claire4devizes ,uk.m.24915,Claire Perry,Conservative,Devizes,1,
Clive Betts ,.,uk.m.10045,Clive Betts,Labour,Sheffield South East,1,
Clive Efford ,@CliveEfford ,uk.m.10185,Clive Efford,Labour,Eltham,1,
Clive Lewis ,@labourlewis ,.,.,Liberal Democrats,Norwich South,1,
Colleen Fletcher ,.,.,.,Labour,Coventry North East,1,
Conor Burns ,@conorburns_mp ,uk.m.24780,Conor Burns,Conservative,Bournemouth West,1,
Conor McGinn ,@ConorMcGinn ,.,.,Labour,St Helens North,1,
Corri Wilson ,@CorriWilsonSNP ,.,.,Labour,"Ayr, Carrick and Cumnock",1,
Craig Mackinlay ,@cmackinlay ,.,.,Conservative,South Thanet,1,
Craig Tracey ,@craig4nwarks ,.,.,Conservative,North Warwickshire,1,
Craig Whittaker ,@CWhittakerMP ,uk.m.24944,Craig Whittaker,Conservative,Calder Valley,1,
Craig Williams ,@Craig4CardiffN ,,,Conservative,Cardiff North,1,
Crispin Blunt ,@crispinbluntmp ,uk.m.10051,Crispin Blunt,Conservative,Reigate,1,
Dai Havard,.,uk.m.10944,Dai Havard,,,,1
Damian Collins ,@DamianCollins ,uk.m.24744,Damian Collins,Conservative,Folkestone and Hythe,1,
Damian Green ,@damiangreenmp ,uk.m.10241,Damian Green,Conservative,Ashford,1,
Damian Hinds ,@damian57 ,uk.m.24782,Damian Hinds,Conservative,East Hampshire,1,
Dan Byles,@danielbyles,uk.m.24849,Dan Byles,,,,1
Dan Jarvis ,@DanJarvisMP ,uk.m.25067,Dan Jarvis,Labour,Barnsley Central,1,
Daniel Kawczynski ,@KawczynskiMP ,uk.m.11817,Daniel Kawczynski,Conservative,Shrewsbury and Atcham,1,
Daniel Poulter ,@drdanpoulter ,uk.m.24756,Daniel Poulter,Conservative,Central Suffolk and North Ipswich,1,
Dave Watts,.,uk.m.10625,Dave Watts,,,,1
Daniel Zeichner ,@DanielZeichner ,.,.,Liberal Democrats,Cambridge,1,
Danny Kinahan ,@DdeBK ,.,.,DUP,South Antrim,1,
David Amess ,.,uk.m.10009,David Amess,Conservative,Southend West,1,
David Anderson ,@DaveAndersonMP ,uk.m.11427,David Anderson,Labour,Blaydon,1,
David Blunkett,.,uk.m.10050,David Blunkett,,,,1
David Burrowes ,@davidburrowesmp ,uk.m.11573,David Burrowes,Conservative,Enfield Southgate,1,
David Cairns,@davidcairns4mp,uk.m.10775,David Cairns,,,,1
David Cameron ,@David_Cameron ,uk.m.10777,David Cameron,Conservative,Witney,1,
David Crausby ,@DavidCrausby ,uk.m.10141,David Crausby,Labour,Bolton North East,1,
David Davies ,@DavidTCDavies ,uk.m.11719,David Davies,Conservative,Monmouth,1,
David Davis ,@DavidDavisMP ,uk.m.10162,David Davis,Conservative,Haltemprice and Howden,1,
David Evennett ,@DavidEvennett ,uk.m.11408,David Evennett,Conservative,Bexleyheath and Crayford,1,
David Gauke ,@DavidGauke ,uk.m.11633,David Gauke,Conservative,South West Hertfordshire,1,
David Hamilton,.,uk.m.10934,David Hamilton,,,,
David Hanson ,@DavidHansonMP ,uk.m.10259,David Hanson,Labour,Delyn,1,
David Heyes,.,uk.m.10961,David Heyes,,,,
David Jones ,@DavidJonesMP ,uk.m.11506,David Jones,Conservative,Clwyd West,1,
David Lammy ,@DavidLammy ,uk.m.10678,David Lammy,Labour,Tottenham,1,
David Lidington ,@DLidington ,uk.m.10361,David Lidington,Conservative,Aylesbury,1,
David Mackintosh ,@davidmackintosh ,.,.,Conservative,Northampton South,1,
David Miliband,@DMiliband,uk.m.11113,David Miliband,,,,1
David Morris ,@Davidmpmorris ,uk.m.24966,David Morris,Conservative,Morecambe and Lunesdale,1,
David Mowat ,@mowat4ws ,uk.m.24932,David Mowat,Conservative,Warrington South,1,
David Mundell ,@DavidMundellDCT ,uk.m.11970,David Mundell,Conservative,"Dumfriesshire, Clydesdale and Tweeddale",1,
David Nuttall ,@DavidNuttallMP ,uk.m.24877,David Nuttall,Conservative,Bury North,1,
David Ruffley,.,uk.m.10520,David Ruffley,,,,1
David Rutley ,@DavidRutleyMP ,uk.m.24820,David Rutley,Conservative,Macclesfield,1,
David Simpson ,@DavidSimpsonDUP ,.,.,DUP,Upper Bann,1,
David Tredinnick ,.,uk.m.10602,David Tredinnick,Conservative,Bosworth,1,
David Willetts,.,uk.m.10637,David Willetts,,,,1
David Warburton ,@DJWarburton ,.,.,Liberal Democrats,Somerton and Frome,1,
David Winnick ,@WinnickWalsallN,uk.m.10645,David Winnick,Labour,Walsall North,1,
David Wright,.,uk.m.11340,David Wright,,,,1
Dawn Butler ,@DawnButlerBrent ,,,Liberal Democrats,Brent Central,1,
Dawn Primarolo,.,uk.m.10489,Dawn Primarolo,,,,1
Debbie Abrahams ,@Debbie_abrahams ,uk.m.25034,Debbie Abrahams,Labour,Oldham East and Saddleworth,1,
Deidre Brock ,@DeidreBrock ,.,.,Labour Co-operative,Edinburgh North and Leith,1,
Dennis Skinner ,.,uk.m.10544,Dennis Skinner,Labour,Bolsover,1,
Denis MacShane,@DenisMacShane,uk.m.10401,Denis MacShane,,,,1
Derek Thomas ,@DerekThomasMP ,.,.,Liberal Democrats,St Ives,1,
Derek Twigg ,@DerekTwiggMP ,uk.m.10610,Derek Twigg,Labour,Halton,1,
Desmond Swayne ,@DesmondSwayne ,uk.m.10580,Desmond Swayne,Conservative,New Forest West,1,
Diana Johnson ,@DianaJohnsonMP ,uk.m.11647,Diana Johnson,Labour,Kingston upon Hull North,1,
Diane Abbott ,@HackneyAbbott ,uk.m.10001,Diane Abbott,Labour,Hackney North and Stoke Newington,1,
Dominic Grieve ,.,uk.m.10243,Dominic Grieve,Conservative,Beaconsfield,1,
Dominic Raab ,.,uk.m.24815,Dominic Raab,Conservative,Esher and Walton,1,
Douglas Alexander,@D_G_Alexander,uk.m.10661,Douglas Alexander,,,,1
Douglas Carswell ,@DouglasCarswell ,uk.m.11621,Douglas Carswell,UKIP,Clacton,1,
Douglas Chapman ,@DougChapmanSNP ,.,.,Labour,Dunfermline and West Fife,1,
Drew Hendry ,@drewhendrySNP ,.,.,Liberal Democrats,"Inverness, Nairn, Badenoch and Strathspey",1,
Ed Miliband ,@Ed_Miliband ,uk.m.11545,Edward Miliband,Labour,Doncaster North,1,
Ed Vaizey ,@edvaizey ,uk.m.11905,Edward Vaizey,Conservative,Wantage,1,
Edward Argar ,.,.,.,Conservative,Charnwood,1,
Edward Balls,.,uk.m.11740,Edward Balls,,,,1
Edward Garnier ,@EGarnierMP ,uk.m.10221,Edward Garnier,Conservative,Harborough,1,
Edward Leigh ,@EdwardLeighMP ,uk.m.10352,Edward Leigh,Conservative,Gainsborough,1,
Edward Timpson ,@edwardtimpson ,uk.m.14128,Edward Timpson,Conservative,Crewe and Nantwich,1,
Eilidh Whiteford ,@EilidhWhiteford ,.,.,SNP,Banff and Buchan,1,
Eleanor Laing ,@eleanor4epping ,uk.m.10348,Eleanor Laing,Conservative,Epping Forest,1,
Elizabeth Truss ,@trussliz ,uk.m.24941,Elizabeth Truss,Conservative,South West Norfolk,1,
Emily Thornberry ,@EmilyThornberry ,uk.m.11656,Emily Thornberry,Labour,Islington South and Finsbury,1,
Emma Lewell-Buck ,@EmmaLewellBuck ,uk.m.25181,Emma Lewell-Buck,Labour,South Shields,1,
Emma Reynolds ,@EmmaReynoldsMP ,uk.m.24868,Emma Reynolds,Labour,Wolverhampton North East,1,
Eric Illsley,.,uk.m.10305,Eric Illsley,,,,1
Eric Joyce,@ericjoyce,uk.m.10685,Eric Joyce,,,,1
Eric Pickles ,@EricPickles,uk.m.10477,Eric Pickles,Conservative,Brentwood and Ongar,1,
Eric Ollerenshaw,.,uk.m.24967,Eric Ollerenshaw,,,,1
Esther McVey,.,uk.m.24882,Esther McVey,,,,
Fabian Hamilton ,@wfabianmf,uk.m.10256,Fabian Hamilton,Labour,Leeds North East,1,
Fiona Bruce ,.,uk.m.24857,Fiona Bruce,Conservative,Congleton,1,
Fiona Mactaggart ,@fionamacmp ,uk.m.10402,Fiona Mactaggart,Labour,Slough,1,
Fiona O'Donnell,@FOD4SOS,uk.m.24723,Fiona O'Donnell,,,,1
Flick Drummond ,@FlickD,.,.,Independent[a],Portsmouth South,1,
Francis Maude,.,uk.m.10423,Francis Maude,,,,1
Francie Molloy ,@FrancieMolloy ,.,.,Sinn Féin,Mid Ulster,1,
Frank Dobson,.,uk.m.10171,Frank Dobson,,,,
Frank Doran,.,uk.m.10174,Frank Doran,,,,
Frank Field ,@frankfieldteam ,uk.m.10197,Frank Field,Labour,Birkenhead,1,
Frank Roy,.,uk.m.10517,Frank Roy,,,,1
Gareth Johnson ,@GarethJohnsonMP ,uk.m.24803,Gareth Johnson,Conservative,Dartford,1,
Gareth Thomas ,@GarethThomasMP ,uk.m.10594,Gareth Thomas,Labour Co-operative,Harrow West,1,
Gary Streeter ,@garystreetermp,uk.m.10575,Gary Streeter,Conservative,South West Devon,1,
Gavin Barwell ,@GavinBarwellMP ,uk.m.24863,Gavin Barwell,Conservative,Croydon Central,1,
Gavin Newlands ,@GavinNewlandsMP ,.,.,Labour,Paisley and Renfrewshire North,1,
Gavin Robinson ,@GRobinsonDUP ,.,.,Alliance,Belfast East,1,
Gavin Shuker ,@gavinshuker ,uk.m.24847,Gavin Shuker,Labour Co-operative,Luton South,1,
Gavin Williamson ,@GWilliamsonMP ,uk.m.24729,Gavin Williamson,Conservative,South Staffordshire,1,
Gemma Doyle,.,uk.m.24918,Gemma Doyle,,,,1
Geoffrey Clifton-Brown ,.,uk.m.10119,Geoffrey Clifton-Brown,Conservative,The Cotswolds,1,
Geoffrey Cox ,@Geoffrey_Cox ,uk.m.11541,Geoffrey Cox,Conservative,Torridge and West Devon,1,
Geoffrey Robinson ,.,uk.m.10506,Geoffrey Robinson,Labour,Coventry North West,1,
George Eustice ,.,uk.m.24933,George Eustice,Conservative,Camborne and Redruth,1,
George Freeman ,@Freeman_George ,uk.m.24817,George Freeman,Conservative,Mid Norfolk,1,
George Hollingbery ,.,uk.m.24936,George Hollingbery,Conservative,Meon Valley,1,
George Howarth ,.,uk.m.10292,George Howarth,Labour,Knowsley,1,
George Mudie,.,uk.m.10450,George Mudie,,,,1
George Kerevan ,@GeorgeKerevan ,.,.,Labour,East Lothian,1,
George Osborne ,@George_Osborne ,uk.m.11145,George Osborne,Conservative,Tatton,1,
George Young,.,uk.m.10659,George Young,,,,1
Geraint Davies ,@GeraintDaviesMP ,uk.m.10159,Geraint Davies,Labour Co-operative,Swansea West,1,
Gerald Howarth ,@geraldhowarth,uk.m.10293,Gerald Howarth,Conservative,Aldershot,1,
Gerald Jones ,@GeraldJonesLAB ,.,.,Labour,Merthyr Tydfil and Rhymney,1,
Gerald Kaufman ,.,uk.m.10327,Gerald Kaufman,Labour,"Manchester, Gorton",1,
Gerry Sutcliffe,.,uk.m.10579,Gerry Sutcliffe,,,,1
Gisela Stuart ,@GiselaStuart ,uk.m.10577,Gisela Stuart,Labour,"Birmingham, Edgbaston",1,
Glenda Jackson,.,uk.m.10308,Glenda Jackson,,,,
Gloria De Piero ,@GloriaDePiero ,uk.m.24811,Gloria De Piero,Labour,Ashfield,1,
Glyn Davies ,@glyndaviesmp ,uk.m.24739,Glyn Davies,Conservative,Montgomeryshire,1,
Gordon Banks,@mwgbanks,uk.m.12005,Gordon Banks,,,,1
Gordon Brown,@OfficeGSBrown,uk.m.10068,Gordon Brown,,,,1
Gordon Henderson ,.,uk.m.24828,Gordon Henderson,Conservative,Sittingbourne and Sheppey,1,
Gordon Marsden ,@GordonMarsden ,uk.m.10415,Gordon Marsden,Labour,Blackpool South,1,
Graeme Morrice,.,uk.m.24735,Graeme Morrice,,,,1
Graham Allen ,@GrahamAllenMP ,uk.m.10008,Graham Allen,Labour,Nottingham North,1,
Graham Brady ,@Graham__Brady ,uk.m.10062,Graham Brady,Conservative,Altrincham and Sale West,1,
Graham Evans ,@GrahamEvansMP ,uk.m.24883,Graham Evans,Conservative,Weaver Vale,1,
Graham Jones ,@GrahamJones_MP ,uk.m.24835,Graham Jones,Labour,Hyndburn,1,
Graham Stringer ,.,uk.m.10576,Graham Stringer,Labour,Blackley and Broughton,1,
Graham Stuart ,@grahamstuart ,uk.m.11406,Graham Stuart,Conservative,Beverley and Holderness,1,
Grahame Morris ,@grahamemorris ,uk.m.24715,Grahame Morris,Labour,Easington,1,
Grant Shapps ,@grantshapps ,uk.m.11917,Grant Shapps,Conservative,Welwyn Hatfield,1,
Greg Clark ,@gregclarkmp ,uk.m.11884,Greg Clark,Conservative,Tunbridge Wells,1,
Greg Hands ,@GregHands ,uk.m.11610,Greg Hands,Conservative,Chelsea and Fulham,1,
Greg Knight ,@gregknightmp,uk.m.11026,Greg Knight,Conservative,East Yorkshire,1,
Gregg McClymont,@greggmcclymont,uk.m.24733,Gregg McClymont,,,,1
Gregory Barker,@GregBarkerUK,uk.m.10713,Gregory Barker,,,,
Greg Mulholland ,@GregMulholland1,.,.,Liberal Democrats,Leeds North West,1,
Gregory Campbell ,.,.,.,DUP,East Londonderry,1,
Guto Bebb ,@GutoBebb ,uk.m.24736,Guto Bebb,Conservative,Aberconwy,1,
Guy Opperman ,@GuyOpperman ,uk.m.24962,Guy Opperman,Conservative,Hexham,1,
Hannah Bardell ,@HannahB4LiviMP ,.,.,Labour,Livingston,1,
Harriet Baldwin ,@HBaldwinMP ,uk.m.24785,Harriett Baldwin,Conservative,West Worcestershire,1,
Harriet Harman ,@HarrietHarman ,uk.m.10260,Harriet Harman,Labour,Camberwell and Peckham,1,
Harry Harpham ,@Harry4BH ,.,.,Labour,Sheffield Brightside and Hillsborough,1,
Hazel Blears,@HazelBlears2,uk.m.10048,Hazel Blears,,,,1
Heather Wheeler ,@HeatherWheeler ,uk.m.24769,Heather Wheeler,Conservative,South Derbyshire,1,
Heidi Alexander ,@heidi_mp ,uk.m.24953,Heidi Alexander,Labour,Lewisham East,1,
Heidi Allen ,@heidiallen75 ,.,.,Conservative,South Cambridgeshire,1,
Helen Goodman ,@HelenGoodmanMP ,uk.m.11421,Helen Goodman,Labour,Bishop Auckland,1,
Helen Grant ,@HelenGrantMP ,uk.m.24796,Helen Grant,Conservative,Maidstone and The Weald,1,
Helen Hayes ,@helenhayes_ ,.,.,Labour,Dulwich and West Norwood,1,
Helen Jones ,@HelenJonesMP ,uk.m.10319,Helen Jones,Labour,Warrington North,1,
Helen Whately ,@Helen_Whately ,.,.,Conservative,Faversham and Mid Kent,1,
Henry Bellingham ,.,uk.m.10726,Henry Bellingham,Conservative,North West Norfolk,1,
Henry Smith ,@HenrySmithMP ,uk.m.24802,Henry Smith,Conservative,Crawley,1,
Hilary Benn ,@hilarybennmp ,uk.m.10669,Hilary Benn,Labour,Leeds Central,1,
Holly Walker-Lynch ,@HollyLynch5 ,.,.,Labour Co-operative,Halifax,1,
Hugh Bayley,.,.,.,,,,1
Hugh Robertson,@HughRobertsonMP,uk.m.11190,Hugh Robertson,,,,1
Hugo Swire ,@HugoSwire ,uk.m.11265,Hugo Swire,Conservative,East Devon,1,
Huw Irranca-Davies ,@huw4ogmore ,uk.m.11347,Huw Irranca-Davies,Labour,Ogmore,1,
Huw Merriman ,@HuwMerriman ,.,.,Conservative,Bexhill and Battle,1,
Hywel Francis,.,uk.m.10900,Hywel Francis,,,,1
Hywel Williams ,@HywelPlaidCymru ,.,.,Plaid Cymru,Arfon,1,
Iain Duncan Smith ,@IDuncanSmithMP,uk.m.10180,Iain Duncan Smith,Conservative,Chingford and Woodford Green,1,
Iain McKenzie,.,uk.m.25145,Iain McKenzie,,,,1
Iain Stewart ,@iainastewart ,uk.m.24947,Iain Stewart,Conservative,Milton Keynes South,1,
Iain Wright ,@IainWrightMP ,uk.m.11362,Iain Wright,Labour,Hartlepool,1,
Ian Austin ,@IanAustinMP ,uk.m.11553,Ian Austin,Labour,Dudley North,1,
Ian Davidson,@iangdavidson,uk.m.10157,Ian Davidson,,,,1
Ian Blackford ,@IBlackfordSNPMP ,.,.,Liberal Democrats,"Ross, Skye and Lochaber",1,
Ian Lavery ,@IanLaveryMP ,uk.m.24963,Ian Lavery,Labour,Wansbeck,1,
Ian Liddell-Grainger ,.,uk.m.11048,Ian Liddell-Grainger,Conservative,Bridgwater and West Somerset,1,
Ian Lucas ,@IanCLucas ,uk.m.11057,Ian Lucas,Labour,Wrexham,1,
Ian Mearns ,@IanMearnsMP ,uk.m.24919,Ian Mearns,Labour,Gateshead,1,
Ian Murray ,@IanMurrayMP ,uk.m.24872,Ian Murray,Labour,Edinburgh South,1,
"Ian Paisley, Jr. ",@ianpaisleymp ,.,.,DUP,North Antrim,1,
Imran Hussain ,@Imran_HussainMP ,.,.,Liberal Democrats,Bradford East,1,
Ivan Lewis ,@IvanLewis_MP ,uk.m.10357,Ivan Lewis,Labour,Bury South,1,
Jack Dromey ,@JackDromeyMP ,uk.m.24825,Jack Dromey,Labour,"Birmingham, Erdington",1,
Jack Lopresti ,@Jackloprestimp ,uk.m.24716,Jack Lopresti,Conservative,Filton and Bradley Stoke,1,
Jack Straw,.,uk.m.10574,Jack Straw,,,,1
Jackie Doyle-Price ,@JackieDP ,uk.m.24957,Jackie Doyle-Price,Conservative,Thurrock,1,
Jacob Rees-Mogg ,@JacobReesMogg,uk.m.24926,Jacob Rees-Mogg,Conservative,North East Somerset,1,
Jake Berry ,@JakeBerry ,uk.m.24860,Jake Berry,Conservative,Rossendale and Darwen,1,
James Arbuthnot,.,uk.m.10013,James Arbuthnot,,,,1
James Berry ,@JamesBerryMP ,.,.,Liberal Democrats,Kingston and Surbiton,1,
James Brokenshire ,@JBrokenshire ,uk.m.11640,James Brokenshire,Conservative,Old Bexley and Sidcup,1,
James Clappison,.,uk.m.10106,James Clappison,,,,1
James Cartlidge ,@jc4southsuffolk ,.,.,Conservative,South Suffolk,1,
James Cleverly ,@JamesCleverly ,.,.,Conservative,Braintree,1,
James Davies ,@jamesdaviesmp ,.,.,Labour,Vale of Clwyd,1,
James Duddridge ,@JamesDuddridge ,uk.m.11785,James Duddridge,Conservative,Rochford and Southend East,1,
James Gray ,@JamesGrayMP ,uk.m.10240,James Gray,Conservative,North Wiltshire,1,
James Heappey ,@JSHeappey ,.,.,Liberal Democrats,Wells,1,
James Morris ,@JamesMorrisHRR ,uk.m.24855,James Morris,Conservative,Halesowen and Rowley Regis,1,
James Paice,.,uk.m.10470,James Paice,,,,1
James Wharton ,@jameswhartonuk ,uk.m.24930,James Wharton,Conservative,Stockton South,1,
Jamie Reed ,@jreedmp ,uk.m.11511,Jamie Reed,Labour,Copeland,1,
Jane Ellison ,@JaneEllison ,uk.m.24719,Jane Ellison,Conservative,Battersea,1,
Jason McCartney ,@JasonMcCartney ,uk.m.24887,Jason McCartney,Conservative,Colne Valley,1,
Jeff Smith ,@JeffSmithetc ,.,.,Liberal Democrats,Manchester Withington,1,
Jenny Chapman,@JennyChapman,uk.m.24711,Jenny Chapman,,,,1
Jeffrey Donaldson ,@J_Donaldson_MP ,.,.,DUP,Lagan Valley,1,
Jenny Chapman ,@JennyChapman ,.,.,Labour,Darlington,1,
Jeremy Corbyn ,@jeremycorbyn ,.,.,Labour,Islington North,1,
Jeremy Hunt ,@Jeremy_Hunt ,uk.m.11859,Jeremy Hunt,Conservative,South West Surrey,1,
Jeremy Lefroy ,@JeremyLefroyMP ,.,.,Conservative,Stafford,1,
Jeremy Quin ,.,.,.,Conservative,Horsham,1,
Jeremy Wright ,.,uk.m.11791,Jeremy Wright,Conservative,Kenilworth and Southam,1,
Jess Phillips ,@jessphillips ,.,.,Liberal Democrats,"Birmingham, Yardley",1,
Jesse Norman ,@Jesse_Norman ,.,.,Conservative,Hereford and South Herefordshire,1,
Jessica Lee,.,uk.m.24757,Jessica Lee,,,,1
Jessica Morden ,@jessicamordenmp ,uk.m.11732,Jessica Morden,Labour,Newport East,1,
Jim Cunningham ,.,uk.m.10147,Jim Cunningham,Labour,Coventry South,1,
Jim Dobbin,.,uk.m.10170,Jim Dobbin,,,,1
Jim Dowd ,.,uk.m.10176,Jim Dowd,Labour,Lewisham West and Penge,1,
Jim Fitzpatrick ,@FitzMP ,uk.m.10199,Jim Fitzpatrick,Labour,Poplar and Limehouse,1,
Jim McGovern,@JMcGovernDundee,uk.m.11974,Jim McGovern,,,,1
Jim Murphy,.,uk.m.10453,Jim Murphy,,,,1
Jim Shannon ,@JimShannonMP,.,.,DUP,Strangford,1,
Jim Sheridan,.,uk.m.11221,Jim Sheridan,,,,1
Jimmy Hood,.,uk.m.10285,Jimmy Hood,,,,1
Jo Churchill ,@Jochurchill4 ,.,.,Conservative,Bury St Edmunds,1,
Jo Cox ,@Jo_Cox1 ,.,.,Labour,Batley and Spen,1,
Jo Johnson ,@JoJohnsonMP ,uk.m.24895,Jo Johnson,Conservative,Orpington,1,
Jo Stevens ,@JoStevensLabour ,.,.,Liberal Democrats,Cardiff Central,1,
Joan Ruddock,.,uk.m.10519,Joan Ruddock,,,,1
Joan Walley,@joanwalley1,uk.m.10619,Joan Walley,,,,1
Joan Ryan ,@joanryanEnfield ,.,.,Conservative,Enfield North,1,
Joanna Cherry ,@joannaccherry ,.,.,Labour,Edinburgh South West,1,
Joe Benton,.,uk.m.10039,Joe Benton,,,,1
John Baron ,.,uk.m.10715,John Baron,Conservative,Basildon and Billericay,1,
John Bercow ,.,.,.,The Speaker seeking re-election,Buckingham,1,
John Cryer ,@JohnCryerMP ,uk.m.10143,John Cryer,Labour,Leyton and Wanstead,1,
John Denham,@JYDenham,uk.m.10167,John Denham,,,,1
John Glen ,@JohnGlenMP ,uk.m.24839,John Glen,Conservative,Salisbury,1,
John Hayes ,.,uk.m.10265,John Hayes,Conservative,South Holland and The Deepings,1,
John Healey ,@JohnHealey_MP ,uk.m.10268,John Healey,Labour,Wentworth and Dearne,1,
John Howell ,@JohnHowellMP ,uk.m.14131,John Howell,Conservative,Henley,1,
John Mann ,@JohnMannMP ,uk.m.11093,John Mann,Labour,Bassetlaw,1,
John McDonnell ,@johnmcdonnellMP ,uk.m.10383,John McDonnell,Labour,Hayes and Harlington,1,
John McNally ,@JohnMcNallyMP ,.,.,Independent[a],Falkirk,1,
John Nicolson ,@MrJohnNicolson ,.,.,Liberal Democrats,East Dunbartonshire,1,
John Penrose ,@JohnPenroseNews ,uk.m.11924,John Penrose,Conservative,Weston-super-Mare,1,
John Pugh ,@johnpughmp ,.,.,Liberal Democrats,Southport,1,
John Randall,@uxbridgewalrus,uk.m.10660,John Randall,,,,1
John Redwood ,@johnredwood ,uk.m.10499,John Redwood,Conservative,Wokingham,1,
John Robertson,@jrobertsonmp,uk.m.10684,John Robertson,,,,1
John Spellar ,@spellar ,uk.m.10558,John Spellar,Labour,Warley,1,
John Stanley,.,uk.m.10563,John Stanley,,,,1
John Stevenson ,@JohnStevensonMP ,uk.m.24799,John Stevenson,Conservative,Carlisle,1,
John Whittingdale ,@JWhittingdale ,uk.m.10632,John Whittingdale,Conservative,Maldon,1,
John Woodcock ,@JWoodcockMP ,uk.m.24837,John Woodcock,Labour Co-operative,Barrow and Furness,1,
Johnny Mercer ,@JohnnyMercerMP ,.,.,Labour,"Plymouth, Moor View",1,
Jon Ashworth ,@JonAshworth ,.,.,Labour Co-operative,Leicester South,1,
Jon Cruddas ,@JonCruddas_1 ,uk.m.10828,Jon Cruddas,Labour,Dagenham and Rainham,1,
Jon Trickett ,@jon_trickett ,uk.m.10604,Jon Trickett,Labour,Hemsworth,1,
Jonathan Ashworth,@JonAshworth,uk.m.25120,Jonathan Ashworth,,,,1
Jonathan Djanogly ,@JDjanogly ,uk.m.10854,Jonathan Djanogly,Conservative,Huntingdon,1,
Jonathan Edwards ,@JonathanPlaid ,.,.,Plaid Cymru,Carmarthen East and Dinefwr,1,
Jonathan Evans,.,uk.m.22650,Jonathan Evans,,,,1
Jonathan Lord ,@JonathanLordMP ,uk.m.24884,Jonathan Lord,Conservative,Woking,1,
Jonathan Reynolds ,@jreynoldsMP ,uk.m.24929,Jonathan Reynolds,Labour Co-operative,Stalybridge and Hyde,1,
Judith Cummins ,@JudithCummins ,.,.,Labour,Bradford South,1,
Julian Brazier ,.,uk.m.10065,Julian Brazier,Conservative,Canterbury,1,
Julian Knight ,@julianknight15 ,.,.,Liberal Democrats,Solihull,1,
Julian Lewis ,.,uk.m.10358,Julian Lewis,Conservative,New Forest East,1,
Julian Smith ,@juliansmithmp ,uk.m.24961,Julian Smith,Conservative,Skipton and Ripon,1,
Julian Sturdy ,@Juliansturdy ,uk.m.24853,Julian Sturdy,Conservative,York Outer,1,
Julie Cooper ,@JulieForBurnley ,.,.,Liberal Democrats,Burnley,1,
Julie Elliott ,@JulieElliottMP ,uk.m.24710,Julie Elliott,Labour,Sunderland Central,1,
Julie Hilling,@JulieHilling,uk.m.24881,Julie Hilling,,,,1
Justin Madders ,@justinmadders ,.,.,Labour,Ellesmere Port and Neston,1,
Justin Tomlinson ,@JTomlinsonMP ,uk.m.24870,Justin Tomlinson,Conservative,North Swindon,1,
Justine Greening ,@JustineGreening ,uk.m.11771,Justine Greening,Conservative,Putney,1,
Karen Bradley ,.,uk.m.24725,Karen Bradley,Conservative,Staffordshire Moorlands,1,
Karen Buck ,@KarenPBuckMP ,uk.m.10075,Karen Buck,Labour,Westminster North,1,
Karen Lumley ,@Tell_Karen ,uk.m.24856,Karen Lumley,Conservative,Redditch,1,
Karin Smyth ,@karinsmyth ,.,.,Labour,Bristol South,1,
Karl McCartney ,@karlmccartney ,uk.m.24790,Karl McCartney,Conservative,Lincoln,1,
Karl Turner ,@KarlTurnerMP ,uk.m.24767,Karl Turner,Labour,Kingston upon Hull East,1,
Kate Green ,@KateGreenSU ,uk.m.24896,Kate Green,Labour,Stretford and Urmston,1,
Kate Hoey ,@KateHoeyMP ,uk.m.10282,Kate Hoey,Labour,Vauxhall,1,
Kate Hollern ,@Kate_HollernMP ,.,.,Independent[a],Blackburn,1,
Kate Osamor ,@KateOsamor ,.,.,Labour Co-operative,Edmonton,1,
Katy Clark,.,uk.m.11963,Katy Clark,,,,1
Keir Starmer ,@Keir_Starmer ,.,.,Labour,Holborn and St Pancras,1,
Keith Simpson ,@KeithSimpsonMP ,uk.m.10542,Keith Simpson,Conservative,Broadland,1,
Keith Vaz ,@Keith4Leicester ,uk.m.10614,Keith Vaz,Labour,Leicester East,1,
Kelly Tolhurst ,@KellyTolhurst ,.,.,UKIP,Rochester and Strood,1,
Kelvin Hopkins ,.,uk.m.10288,Kelvin Hopkins,Labour,Luton North,1,
Kenneth Clarke ,.,uk.m.10115,Kenneth Clarke,Conservative,Rushcliffe,1,
Kerry McCarthy ,@KerryMP ,uk.m.11455,Kerry McCarthy,Labour,Bristol East,1,
Kevan Jones ,@KevanJonesMP,uk.m.11003,Kevan Jones,Labour,North Durham,1,
Kevin Barron ,@KevinBarronMP ,uk.m.10027,Kevin Barron,Labour,Rother Valley,1,
Kevin Brennan ,@KevinBrennanMP ,uk.m.10753,Kevin Brennan,Labour,Cardiff West,1,
Kevin Foster ,@kevin_j_foster ,.,.,Liberal Democrats,Torbay,1,
Kevin Hollinrake ,@kevinhollinrake ,.,.,Conservative,Thirsk and Malton,1,
Khalid Mahmood ,@khalid4PB ,uk.m.11087,Khalid Mahmood,Labour,"Birmingham, Perry Barr",1,
Kirsten Oswald ,@kirstenoswald ,.,.,Labour,East Renfrewshire,1,
Kirsty Blackman ,@KirstySNP ,.,.,Labour,Aberdeen North,1,
Kit Malthouse ,@kitmalthouse ,.,.,Conservative,North West Hampshire,1,
Kris Hopkins ,.,uk.m.24923,Kris Hopkins,Conservative,Keighley,1,
Kwasi Kwarteng ,.,uk.m.24770,Kwasi Kwarteng,Conservative,Spelthorne,1,
Laura Sandys,@Laura_Sandys,uk.m.24792,Laura Sandys,,,,1
Laurence Robertson ,.,uk.m.10505,Laurence Robertson,Conservative,Tewkesbury,1,
Lee Scott,.,uk.m.11651,Lee Scott,,,,1
Liam Byrne ,@LiamByrneMP ,uk.m.11360,Liam Byrne,Labour,"Birmingham, Hodge Hill",1,
Liam Fox ,@LiamFoxMP,uk.m.10213,Liam Fox,Conservative,North Somerset,1,
Lilian Greenwood ,@LilianGreenwood ,uk.m.24774,Lilian Greenwood,Labour,Nottingham South,1,
Linda Riordan,.,uk.m.11607,Linda Riordan,,,,1
Lindsay Hoyle ,@LindsayHoyle_MP ,uk.m.10295,Lindsay Hoyle,Labour,Chorley,1,
Lindsay Roy,.,uk.m.14142,Lindsay Roy,,,,1
Lisa Cameron ,@lisacameronsnp ,.,.,Labour,"East Kilbride, Strathaven and Lesmahagow",1,
Lisa Nandy ,@lisanandy ,uk.m.24831,Lisa Nandy,Labour,Wigan,1,
Liz Kendall ,@leicesterliz ,uk.m.24816,Liz Kendall,Labour,Leicester West,1,
Lorraine Fullbrook,.,uk.m.24801,Lorraine Fullbrook,,,,1
Louise Bagshawe,.,uk.m.24833,Louise Bagshawe,,,,1
Liz McInnes ,@LizMcInnesMP ,.,.,Labour,Heywood and Middleton,1,
Liz Saville-Roberts ,@LSRPlaid ,.,.,Plaid Cymru,Dwyfor Meirionnydd,1,
Louise Ellman ,@LouiseEllman ,uk.m.10186,Louise Ellman,Labour Co-operative,Liverpool Riverside,1,
Louise Haigh ,@LouHaigh ,.,.,Labour Co-operative,Sheffield Heeley,1,
Louise Mensch,@LouiseMensch,uk.m.24833,Louise Mensch,,,,1
Luciana Berger ,@lucianaberger ,uk.m.24924,Luciana Berger,Labour Co-operative,Liverpool Wavertree,1,
Lucy Allan ,@lucyallan ,.,.,Labour,Telford,1,
Lucy Frazer ,.,.,.,Conservative,South East Cambridgeshire,1,
Lucy Powell ,@LucyMPowell ,uk.m.25165,Lucy Powell,Labour Co-operative,Manchester Central,1,
Luke Hall ,@LukeHallMP,.,.,Liberal Democrats,Thornbury and Yate,1,
Lyn Brown ,@lynbrownmp ,uk.m.11921,Lyn Brown,Labour,West Ham,1,
Madeleine Moon ,@MadeleineMoon ,uk.m.11450,Madeleine Moon,Labour,Bridgend,1,
Malcolm Rifkind,@MalcolmRifkind,uk.m.11660,Malcolm Rifkind,,,,1
Maggie Throup ,@mthroup ,.,.,Conservative,Erewash,1,
Malcolm Wicks,@MalcolmWicks,uk.m.10633,Malcolm Wicks,,,,1
Marcus Fysh ,@MarcusFysh ,.,.,Liberal Democrats,Yeovil,1,
Marcus Jones ,@Marcus4Nuneaton ,uk.m.24745,Marcus Jones,Conservative,Nuneaton,1,
Margaret Beckett ,.,uk.m.10031,Margaret Beckett,Labour,Derby South,1,
Margaret Curran,@Margaret_Curran,uk.m.24734,Margaret Curran,,,,1
Margaret Ferrier ,@MargaretFerrier ,.,.,Labour Co-operative,Rutherglen and Hamilton West,1,
Margaret Greenwood ,@MGreenwoodWW ,.,.,Conservative,Wirral West,1,
Margaret Ritchie ,@MRitchieMP ,.,.,SDLP,South Down,1,
"Margaret, Lady Hodge ",@margarethodge ,uk.m.10281,Margaret Hodge,Labour,Barking,1,
Margot James ,@margot_james_mp ,uk.m.24876,Margot James,Conservative,Stourbridge,1,
Maria Caulfield ,@mariacaulfield ,.,.,Liberal Democrats,Lewes,1,
Maria Eagle ,@meaglemp ,uk.m.10183,Maria Eagle,Labour,Garston and Halewood,1,
Maria Miller ,@Maria_MillerMP ,.,.,Conservative,Basingstoke,1,
Marie Rimmer ,@MarieRimmerMP ,.,.,Labour,St Helens South and Whiston,1,
Marion Fellows ,@marion53f ,.,.,Labour,Motherwell and Wishaw,1,
Mark Durkan ,@markdurkan ,.,.,SDLP,Foyle,1,
Mark Field ,@MarkFieldMP ,uk.m.10884,Mark Field,Conservative,Cities of London and Westminster,1,
Mark Francois ,.,uk.m.10901,Mark Francois,Conservative,Rayleigh and Wickford,1,
Mark Garnier ,@Mark4WyreForest ,uk.m.24824,Mark Garnier,Conservative,Wyre Forest,1,
Mark Harper ,@Mark_J_Harper ,uk.m.11588,Mark Harper,Conservative,Forest of Dean,1,
Mark Hendrick ,@MpHendrick ,uk.m.10682,Mark Hendrick,Labour Co-operative,Preston,1,
Mark Hoban,@mark_g_hoban,uk.m.10964,Mark Hoban,,,,1
Mark Lancaster ,@MarkLancasterMK ,uk.m.11715,Mark Lancaster,Conservative,Milton Keynes North,1,
Mark Lazarowicz,.,uk.m.11038,Mark Lazarowicz,,,,1
Mark Menzies ,.,uk.m.24804,Mark Menzies,Conservative,Fylde,1,
Mark Pawsey ,@MarkPawsey ,uk.m.24880,Mark Pawsey,Conservative,Rugby,1,
Mark Prisk ,@PriskMark ,uk.m.11172,Mark Prisk,Conservative,Hertford and Stortford,1,
Mark Pritchard ,@MPritchardMP ,uk.m.11946,Mark Pritchard,Conservative,The Wrekin,1,
Mark Reckless,@MarkReckless,uk.m.24899,Mark Reckless,,,,1
Mark Simmonds,.,uk.m.11224,Mark Simmonds,,,,1
Mark Spencer ,@Mark_Spencer ,uk.m.24909,Mark Spencer,Conservative,Sherwood,1,
Mark Tami ,@MarkTamiMP ,uk.m.11267,Mark Tami,Labour,Alyn and Deeside,1,
Mark Williams ,@mark4ceredigion ,.,.,Liberal Democrats,Ceredigion,1,
Martin Docherty ,@MartinJDocherty ,.,.,Labour Co-operative,West Dunbartonshire,1,
Martin Vickers ,@martinvickersmp ,uk.m.24814,Martin Vickers,Conservative,Cleethorpes,1,
Martin Caton,.,uk.m.10096,Martin Caton,,,,1
Martyn Day ,@MartynDaySNP ,.,.,Labour,Linlithgow and East Falkirk,1,
Mary Creagh ,@MaryCreaghMP ,uk.m.11898,Mary Creagh,Labour,Wakefield,1,
Mary Glindon ,.,uk.m.24927,Mary Glindon,Labour,North Tyneside,1,
Mary Macleod,@MaryMacleod2015,uk.m.24913,Mary Macleod,,,,1
Mary Robinson ,@MaryRobinson01 ,.,.,Liberal Democrats,Cheadle,1,
Matt Warman ,@mattwarman,.,.,Conservative,Boston and Skegness,1,
Matthew Hancock ,@MattHancockMP ,uk.m.24773,Matthew Hancock,Conservative,West Suffolk,1,
Matthew Offord ,@Offord4Hendon ,uk.m.24955,Matthew Offord,Conservative,Hendon,1,
Matthew Pennycook ,@mtpennycook ,.,.,Labour,Greenwich and Woolwich,1,
Meg Hillier ,@Meg_HillierMP ,uk.m.11605,Meg Hillier,Labour Co-operative,Hackney South and Shoreditch,1,
Meg Munn,@MegMunn01,uk.m.11128,Meg Munn,,,,1
Mel Stride ,.,uk.m.24914,Mel Stride,Conservative,Central Devon,1,
Melanie Onn ,@OnnMel ,.,.,Labour,Great Grimsby,1,
Mhairi Black ,@MhairiBlack ,.,.,Labour,Paisley and Renfrewshire South,1,
Michael Connarty,.,uk.m.10128,Michael Connarty,,,,1
Michael Dugher ,@MichaelDugher ,uk.m.24762,Michael Dugher,Labour,Barnsley East,1,
Michael Ellis ,@Michael_Ellis1 ,uk.m.24866,Michael Ellis,Conservative,Northampton North,1,
Michael Fabricant ,@Mike_Fabricant ,uk.m.10193,Michael Fabricant,Conservative,Lichfield,1,
Michael Fallon ,.,uk.m.10194,Michael Fallon,Conservative,Sevenoaks,1,
Michael Gove ,.,uk.m.11858,Michael Gove,Conservative,Surrey Heath,1,
Michael Meacher ,.,uk.m.10427,Michael Meacher,Labour,Oldham West and Royton,1,
Michael McCann,.,uk.m.24717,Michael McCann,,,,1
Michael Penning,.,uk.m.11626,Michael Penning,,,,1
Michael Tomlinson ,@Michael4MDNP ,.,.,Liberal Democrats,Mid Dorset and North Poole,1,
Michelle Donelan ,@michelledonelan ,.,.,Liberal Democrats,Chippenham,1,
Michelle Thomson ,@MichelleThomson ,.,.,Liberal Democrats,Edinburgh West,1,
Mickey Brady ,@MickeyBradySF ,.,.,Sinn Féin,Newry and Armagh,1,
Mike Freer ,@mikefreermp ,uk.m.24934,Mike Freer,Conservative,Finchley and Golders Green,1,
Mike Gapes ,@MikeGapes ,uk.m.10219,Mike Gapes,Labour Co-operative,Ilford South,1,
Mike Kane ,@MikeKaneMP ,.,.,Labour,Wythenshawe and Sale East,1,
Mike Penning ,.,.,.,Conservative,Hemel Hempstead,1,
Mike Weatherley,.,uk.m.24889,Mike Weatherley,,,,1
Mike Weir ,@mikeweirsnp ,.,.,SNP,Angus,1,
Mike Wood ,@mikejwood ,uk.m.10650,Mike Wood,Conservative,Dudley South,1,
Mims Davies ,@mimsdavies ,.,.,Liberal Democrats,Eastleigh,1,
Nadhim Zahawi ,@nadhimzahawi ,uk.m.24822,Nadhim Zahawi,Conservative,Stratford-on-Avon,1,
Nadine Dorries ,@NadineDorriesMP ,uk.m.11397,Nadine Dorries,Conservative,Mid Bedfordshire,1,
Natalie McGarry ,@NatalieMcgarry ,.,.,Labour,Glasgow East,1,
Natascha Engel ,.,uk.m.11534,Natascha Engel,Labour,North East Derbyshire,1,
Naz Shah ,@NazShahBfd,.,.,Respect,Bradford West,1,
Neil Carmichael ,@stroud_neil ,uk.m.24840,Neil Carmichael,Conservative,Stroud,1,
Neil Coyle ,@coyleneil ,.,.,Liberal Democrats,Bermondsey and Old Southwark,1,
Neil Gray ,@NeilGrayMP ,.,.,Labour,Airdrie and Shotts,1,
Neil Parish ,@neil_parish,uk.m.24779,Neil Parish,Conservative,Tiverton and Honiton,1,
Nia Griffith ,@NiaGriffithMP ,uk.m.11692,Nia Griffith,Labour,Llanelli,1,
Nic Dakin ,@NicDakinMP ,uk.m.24798,Nicholas Dakin,Labour,Scunthorpe,1,
Nicholas Boles ,@NickBolesMP ,uk.m.24766,Nicholas Boles,Conservative,Grantham and Stamford,1,
Nicholas Soames ,@nsoamesmp ,uk.m.10555,Nicholas Soames,Conservative,Mid Sussex,1,
Nick Brown ,.,uk.m.10069,Nick Brown,Labour,Newcastle upon Tyne East,1,
Nick de Bois,@nickdebois,uk.m.24859,Nick de Bois,,,,1
Nick Clegg ,@nick_clegg ,.,.,Liberal Democrats,Sheffield Hallam,1,
Nick Gibb ,@NickGibbMP ,uk.m.10225,Nick Gibb,Conservative,Bognor Regis and Littlehampton,1,
Nick Herbert ,@nickherbertmp ,uk.m.11377,Nick Herbert,Conservative,Arundel and South Downs,1,
Nick Hurd ,@nickhurdmp ,uk.m.11792,Nick Hurd,Conservative,"Ruislip, Northwood and Pinner",1,
Nick Raynsford,.,uk.m.10498,Nick Raynsford,,,,1
Nick Smith ,@BlaenauGwentMP ,uk.m.24728,Nick Smith,Labour,Blaenau Gwent,1,
Nick Thomas-Symonds ,@NickTorfaenMP ,.,.,Labour,Torfaen,1,
Nicky Morgan ,@NickyMorgan01 ,uk.m.24732,Nicky Morgan,Conservative,Loughborough,1,
Nicola Blackwood ,@nicolablackwood ,uk.m.24842,Nicola Blackwood,Conservative,Oxford West and Abingdon,1,
Nigel Adams ,.,uk.m.24878,Nigel Adams,Conservative,Selby and Ainsty,1,
Nigel Dodds ,@NigelDoddsDUP ,.,.,DUP,Belfast North,1,
Nigel Evans ,.,uk.m.10190,Nigel Evans,Conservative,Ribble Valley,1,
Nigel Huddleston ,@HuddlestonNigel ,.,.,Conservative,Mid Worcestershire,1,
Nigel Mills ,@NigelMillsMP ,uk.m.24965,Nigel Mills,Conservative,Amber Valley,1,
Norman Lamb ,@normanlamb ,.,.,Liberal Democrats,North Norfolk,1,
Nus Ghani ,@Nus_Ghani,.,.,Conservative,Wealden,1,
Oliver Colvile ,@olivercolvile ,uk.m.24898,Oliver Colvile,Conservative,"Plymouth, Sutton and Devonport",1,
Oliver Dowden ,.,.,.,Conservative,Hertsmere,1,
Oliver Heald ,@OliverHealdMP ,uk.m.10267,Oliver Heald,Conservative,North East Hertfordshire,1,
Oliver Letwin ,@OliverLetwinMP ,uk.m.10355,Oliver Letwin,Conservative,West Dorset,1,
Owen Paterson ,@Owen_PatersonMP ,uk.m.10473,Owen Paterson,Conservative,North Shropshire,1,
Owen Smith ,@OwenSmith_MP ,uk.m.24797,Owen Smith,Labour,Pontypridd,1,
Owen Thompson ,@OwenThompson ,.,.,Labour,Midlothian,1,
Pamela Nash,@pamela_nash,uk.m.24737,Pamela Nash,,,,1
Pat Doherty ,@PatDohertyMP ,.,.,Sinn Féin,West Tyrone,1,
Pat Glass ,@PatGlassMP ,uk.m.24917,Pat Glass,Labour,North West Durham,1,
Pat McFadden ,@patmcfaddenmp ,uk.m.11936,Pat McFadden,Labour,Wolverhampton South East,1,
Patricia Gibson ,@PGibsonSNP ,.,.,Labour,North Ayrshire and Arran,1,
Patrick Grady ,@GradySNP ,.,.,Labour,Glasgow North,1,
Patrick McLoughlin ,@Patrick4Dales ,uk.m.10397,Patrick McLoughlin,Conservative,Derbyshire Dales,1,
Patrick Mercer,.,uk.m.11109,Patrick Mercer,,,,1
Paul Beresford ,@PaulBeresfordMP ,uk.m.10041,Paul Beresford,Conservative,Mole Valley,1,
Paul Blomfield ,@PaulBlomfieldMP ,uk.m.24943,Paul Blomfield,Labour,Sheffield Central,1,
Paul Farrelly ,.,uk.m.10882,Paul Farrelly,Labour,Newcastle-under-Lyme,1,
Paul Flynn ,@PaulFlynnMP ,.,.,Labour,Newport West,1,
Paul Goggins,.,uk.m.10232,Paul Goggins,,,,1
Paul Maskey ,@PaulMaskeyMP ,.,.,Sinn Féin,Belfast West,1,
Paul Maynard ,@PaulMaynardMP ,uk.m.24764,Paul Maynard,Conservative,Blackpool North and Cleveleys,1,
Paul Monaghan ,@_PaulMonaghan ,.,.,Liberal Democrats,"Caithness, Sutherland and Easter Ross",1,
Paul Murphy,.,uk.m.10454,Paul Murphy,,,,1
Paul Scully ,@scullyp ,.,.,Liberal Democrats,Sutton and Cheam,1,
Paul Uppal,@PaulUppalWSW,uk.m.24886,Paul Uppal,,,,1
Paula Sherriff ,@paulasherriff ,.,.,Conservative,Dewsbury,1,
Pauline Latham ,@Pauline_Latham ,uk.m.24821,Pauline Latham,Conservative,Mid Derbyshire,1,
Penny Mordaunt ,@PennyMordauntMP ,uk.m.24938,Penny Mordaunt,Conservative,Portsmouth North,1,
Pete Wishart ,@PeteWishart ,.,.,SNP,Perth and North Perthshire,1,
Peter Aldous ,@peter_aldous ,uk.m.24904,Peter Aldous,Conservative,Waveney,1,
Peter Bone ,@PeterBoneMP ,uk.m.11915,Peter Bone,Conservative,Wellingborough,1,
Peter Bottomley ,@PBottomleyMP,uk.m.10057,Peter Bottomley,Conservative,Worthing West,1,
Peter Dowd ,@Peter_Dowd ,.,.,Labour,Bootle,1,
Peter Hain,@PeterHain,uk.m.10252,Peter Hain,,,,1
Peter Grant ,@PeterGrantMP ,.,.,Labour,Glenrothes,1,
Peter Heaton-Jones ,@PeterNorthDevon ,.,.,Liberal Democrats,North Devon,1,
Peter Kyle ,@peterkyle ,.,.,Conservative,Hove,1,
Peter Lilley ,@LilleyPeter ,uk.m.10362,Peter Lilley,Conservative,Hitchin and Harpenden,1,
Peter Luff,@PeterJLuff,uk.m.10373,Peter Luff,,,,1
Peter Soulsby,.,uk.m.11675,Peter Soulsby,,,,1
Peter Tapsell,@SirPeterTapsell,uk.m.10583,Peter Tapsell,,,,1
Phil Boswell ,@PhilBoswellSNP ,.,.,Labour,"Coatbridge, Chryston and Bellshill",1,
Phil Wilson ,@PhilWilsonMP ,uk.m.13933,Phil Wilson,Labour,Sedgefield,1,
Phil Woolas,.,uk.m.10652,Phil Woolas,,,,1
Philip Davies ,@PhilipDaviesMP ,.,.,Conservative,Shipley,1,
Philip Dunne ,@Dunne4Ludlow ,uk.m.11696,Philip Dunne,Conservative,Ludlow,1,
Philip Hammond ,@PHammondMP ,.,.,Conservative,Runnymede and Weybridge,1,
Philip Hollobone ,.,uk.m.11661,Philip Hollobone,Conservative,Kettering,1,
Philippa Whitford ,@Dr_PhilippaW ,.,.,Labour,Central Ayrshire,1,
Phillip Lee ,@DrPhillipLeeMP ,uk.m.24765,Phillip Lee,Conservative,Bracknell,1,
Priti Patel ,@patel4witham ,uk.m.24778,Priti Patel,Conservative,Witham,1,
Rachael Maskell ,@RachaelMaskell ,.,.,Labour,York Central,1,
Rachel Reeves ,@RachelReevesMP ,uk.m.24851,Rachel Reeves,Labour,Leeds West,1,
Ranil Jayawardena ,@TellRanil ,.,.,Conservative,North East Hampshire,1,
Rebecca Harris ,@RebeccaHarrisMP ,uk.m.24731,Rebecca Harris,Conservative,Castle Point,1,
Rebecca Long-Bailey ,@RLong_Bailey ,.,.,Labour,Salford and Eccles,1,
Rebecca Pow ,@pow_rebecca ,.,.,Liberal Democrats,Taunton Deane,1,
Rehman Chishti ,@Rehman_Chishti ,uk.m.24920,Rehman Chishti,Conservative,Gillingham and Rainham,1,
Richard Arkless ,@ArklessRichard ,.,.,Labour,Dumfries and Galloway,1,
Richard Bacon ,@Bacon4SNorfolk ,uk.m.10707,Richard Bacon,Conservative,South Norfolk,1,
Richard Benyon ,@RichardBenyonMP ,uk.m.11727,Richard Benyon,Conservative,Newbury,1,
Richard Burden ,@RichardBurdenMP ,uk.m.10076,Richard Burden,Labour,"Birmingham, Northfield",1,
Richard Burgon ,@RichardBurgon ,.,.,Labour,Leeds East,1,
Richard Drax ,@RichardDrax_MP ,uk.m.24903,Richard Drax,Conservative,South Dorset,1,
Richard Fuller ,.,uk.m.24787,Richard Fuller,Conservative,Bedford,1,
Richard Graham ,@RichardGrahamMP ,uk.m.24921,Richard Graham,Conservative,Gloucester,1,
Richard Harrington ,@Richard4Watford ,uk.m.24954,Richard Harrington,Conservative,Watford,1,
Richard Ottaway,.,uk.m.10468,Richard Ottaway,,,,1
Richard Shepherd,.,uk.m.10537,Richard Shepherd,,,,1
Rishi Sunak ,.,.,.,Conservative,Richmond (Yorks),1,
Rob Flello ,@RobFlelloMP ,uk.m.11843,Robert Flello,Labour,Stoke-on-Trent South,1,
Rob Marris ,@WSW_Labour ,.,.,Conservative,Wolverhampton South West,1,
Rob Wilson ,@RobWilson_RDG ,.,.,Conservative,Reading East,1,
Robert Buckland ,@RobertBuckland ,uk.m.24843,Robert Buckland,Conservative,South Swindon,1,
Robert Goodwill ,.,uk.m.11804,Robert Goodwill,Conservative,Scarborough and Whitby,1,
Robert Halfon ,@halfon4harlowMP ,uk.m.24784,Robert Halfon,Conservative,Harlow,1,
Robert Jenrick ,@RobertJenrick ,.,,Conservative,Newark,1,
Robert Syms ,@robertsymsmp ,uk.m.10582,Robert Syms,Conservative,Poole,1,
Robert Walter,.,uk.m.10620,Robert Walter,,,,1
Roberta Blackman-Woods ,@robertabwMP ,uk.m.11558,Roberta Blackman-Woods,Labour,City of Durham,1,
Robin Walker ,@WalkerWorcester ,uk.m.24862,Robin Walker,Conservative,Worcester,1,
Roger Gale ,.,uk.m.10217,Roger Gale,Conservative,North Thanet,1,
Roger Godsiff ,@RogerGodsiff ,uk.m.10231,Roger Godsiff,Labour,"Birmingham, Hall Green",1,
Roger Mullin ,@RogMull ,.,.,Labour,Kirkcaldy and Cowdenbeath,1,
Ronnie Campbell ,.,uk.m.10089,Ronnie Campbell,Labour,Blyth Valley,1,
Ronnie Cowan ,@ronniecowan ,.,.,Labour,Inverclyde,1,
Rory Stewart ,@RoryStewartUK ,uk.m.24964,Rory Stewart,Conservative,Penrith and The Border,1,
Rosie Cooper ,@rosie4westlancs ,uk.m.11667,Rosie Cooper,Labour,West Lancashire,1,
Rosie Winterton ,.,uk.m.10648,Rosie Winterton,Labour,Doncaster Central,1,
Royston Smith ,@Royston_Smith ,.,.,Labour,Southampton Itchen,1,
Rupa Huq ,@RupaHuq ,.,.,Conservative,Ealing Central and Acton,1,
Rushanara Ali ,@rushanaraali ,uk.m.24958,Rushanara Ali,Labour,Bethnal Green and Bow,1,
Russell Brown,.,uk.m.10070,Russell Brown,,,,1
Ruth Cadbury ,@RuthCadbury ,.,.,Conservative,Brentford and Isleworth,1,
Ruth Smeeth ,@RuthSmeeth ,.,.,Labour,Stoke-on-Trent North,1,
Sadiq Khan ,@SadiqKhan ,uk.m.11878,Sadiq Khan,Labour,Tooting,1,
Sajid Javid ,@sajidjavid ,uk.m.24854,Sajid Javid,Conservative,Bromsgrove,1,
Sam Gyimah ,@SamGyimah ,uk.m.24789,Sam Gyimah,Conservative,East Surrey,1,
Sandra Osborne,.,uk.m.10467,Sandra Osborne,,,,1
Sammy Wilson ,@eastantrimmp ,.,.,DUP,East Antrim,1,
Sarah Champion ,@SarahChampionMP ,uk.m.25168,Sarah Champion,Labour,Rotherham,1,
Sarah Newton ,@SarahNewtonMP ,uk.m.24948,Sarah Newton,Conservative,Truro and Falmouth,1,
Sarah Wollaston ,@sarahwollaston ,uk.m.24761,Sarah Wollaston,Conservative,Totnes,1,
Scott Mann ,@scottmannmp ,.,.,Liberal Democrats,North Cornwall,1,
Seema Kennedy ,@SeemaKennedy ,.,.,Conservative,South Ribble,1,
Seema Malhotra ,@SeemaMalhotra1 ,uk.m.25150,Seema Malhotra,Labour Co-operative,Feltham and Heston,1,
Shabana Mahmood ,@ShabanaMahmood ,uk.m.24788,Shabana Mahmood,Labour,"Birmingham, Ladywood",1,
Shailesh Vara ,.,uk.m.11475,Shailesh Vara,Conservative,North West Cambridgeshire,1,
Sharon Hodgson ,@SharonHodgsonMP ,uk.m.11592,Sharon Hodgson,Labour,Washington and Sunderland West,1,
Shaun Woodward,.,uk.m.10651,Shaun Woodward,,,,1
Sheila Gilmore,@SheilaGilmore49,uk.m.24763,Sheila Gilmore,,,,1
Sheryll Murray ,@sheryllmurray ,uk.m.24875,Sheryll Murray,Conservative,South East Cornwall,1,
Siân James,@SianCJames1,uk.m.11863,Siân James,,,,1
Simon Burns ,.,uk.m.10079,Simon Burns,Conservative,Chelmsford,1,
Simon Danczuk ,@SimonDanczuk ,uk.m.24808,Simon Danczuk,Labour,Rochdale,1,
Simon Hart ,@Simonhartmp ,uk.m.24813,Simon Hart,Conservative,Carmarthen West and South Pembrokeshire,1,
Simon Hoare ,@Simon4NDorset,.,.,Conservative,North Dorset,1,
Simon Kirby ,.,uk.m.24900,Simon Kirby,Conservative,Brighton Kemptown,1,
Simon Reevell,@simonreevell,uk.m.24858,Simon Reevell,,,,1
Siobhain McDonagh ,@Siobhain_MP ,uk.m.10381,Siobhain McDonagh,Labour,Mitcham and Morden,1,
Stella Creasy ,@stellacreasy ,uk.m.24949,Stella Creasy,Labour Co-operative,Walthamstow,1,
Stephen Barclay ,@SteveBarclayMP,uk.m.24916,Stephen Barclay,Conservative,North East Cambridgeshire,1,
Stephen Crabb ,@scrabbmp ,uk.m.11768,Stephen Crabb,Conservative,Preseli Pembrokeshire,1,
Stephen Dorrell,.,uk.m.10175,Stephen Dorrell,,,,1
Stephen Doughty ,@SDoughtyMP ,uk.m.25166,Stephen Doughty,Labour Co-operative,Cardiff South and Penarth,1,
Stephen Gethins ,@StephenGethins ,.,.,Liberal Democrats,North East Fife,1,
Stephen Hammond ,@S_Hammond ,uk.m.11927,Stephen Hammond,Conservative,Wimbledon,1,
Stephen Hepburn ,@jarrowstevemp ,uk.m.10274,Stephen Hepburn,Labour,Jarrow,1,
Stephen Kinnock ,@SKinnock ,.,.,Labour,Aberavon,1,
Stephen McPartland ,@SMcPartlandMP ,uk.m.24888,Stephen McPartland,Conservative,Stevenage,1,
Stephen Metcalfe ,@Metcalfe_SBET ,uk.m.24749,Stephen Metcalfe,Conservative,South Basildon and East Thurrock,1,
Stephen Mosley,@stephen_mosley,uk.m.24750,Stephen Mosley,,,,1
Stephen O'Brien,@UNReliefChief,uk.m.10670,Stephen O'Brien,,,,1
Stephen Phillips ,.,uk.m.24836,Stephen Phillips,Conservative,Sleaford and North Hykeham,1,
Stephen Pound ,.,uk.m.10484,Stephen Pound,Labour,Ealing North,1,
Stephen Timms ,@stephenctimms ,uk.m.10596,Stephen Timms,Labour,East Ham,1,
Stephen Twigg ,@StephenTwigg ,uk.m.10611,Stephen Twigg,Labour Co-operative,Liverpool West Derby,1,
Steve Baker ,@SteveBakerHW ,uk.m.24786,Steven Baker,Conservative,Wycombe,1,
Steve Brine ,@sbrine ,uk.m.24901,Steve Brine,Conservative,Winchester,1,
Steve Double ,@stevedouble ,.,.,Liberal Democrats,St Austell and Newquay,1,
Steve McCabe ,@steve_mccabe ,uk.m.10377,Stephen McCabe,Labour,"Birmingham, Selly Oak",1,
Steve Reed ,@SteveReedMP ,uk.m.25170,Steve Reed,Labour Co-operative,Croydon North,1,
Steve Rotheram ,@Steve_Rotheram ,uk.m.24935,Steve Rotheram,Labour,Liverpool Walton,1,
Steven Paterson ,@Steven4Stirling ,.,.,Labour,Stirling,1,
Stewart Hosie ,@StewartHosieSNP ,.,.,SNP,Dundee East,1,
Stewart Jackson ,@Stewart4Pboro ,uk.m.11759,Stewart Jackson,Conservative,Peterborough,1,
Stewart McDonald ,@StewartMcDonald ,.,.,Labour,Glasgow South,1,
Stuart Andrew ,@StuartAndrew ,uk.m.24864,Stuart Andrew,Conservative,Pudsey,1,
Stuart Bell,.,uk.m.10036,Stuart Bell,,,,1
Stuart Donaldson ,@StuieDonaldson ,.,.,Liberal Democrats,West Aberdeenshire and Kincardine,1,
Stuart McDonald ,@Stuart_McDonald ,.,.,Labour,"Cumbernauld, Kilsyth and Kirkintilloch East",1,
Sue Hayman ,@SueHayman1 ,.,.,Labour,Workington,1,
Suella Fernandes ,@SuellaFernandes ,.,.,Conservative,Fareham,1,
Susan Elan Jones ,@susanelanjones ,uk.m.24720,Susan Elan Jones,Labour,Clwyd South,1,
"Sylvia, Lady Hermon ",.,.,.,Independent,North Down,1,
Tania Mathias ,@tania_mathias ,.,,Liberal Democrats,Twickenham,1,
Tasmina Ahmed-Sheikh ,@TasminaSheikh ,.,.,Labour,Ochil and South Perthshire,1,
Teresa Pearce ,@tpearce003 ,uk.m.24956,Teresa Pearce,Labour,Erith and Thamesmead,1,
Tessa Jowell,@TessaJowell,uk.m.10326,Tessa Jowell,,,,
Thangam Debbonaire ,@tdebbonaire ,.,.,Liberal Democrats,Bristol West,1,
Theresa May ,.,uk.m.10426,Theresa May,Conservative,Maidenhead,1,
Theresa Villiers ,.,.,.,Conservative,Chipping Barnet,1,
Therese Coffey ,@theresecoffey ,uk.m.24771,Therese Coffey,Conservative,Suffolk Coastal,1,
Thomas Docherty,@Thomas_Docherty,uk.m.24730,Thomas Docherty,,,,1
Tim Farron ,@timfarron,.,.,Liberal Democrats,Westmorland and Lonsdale,1,
Tim Loughton ,@timloughton ,uk.m.10371,Tim Loughton,Conservative,East Worthing and Shoreham,1,
Tim Yeo,.,uk.m.10658,Tim Yeo,,,,1
Tobias Ellwood ,@Tobias_Ellwood,uk.m.11437,Tobias Ellwood,Conservative,Bournemouth East,1,
Toby Perkins ,@tobyperkinsmp,uk.m.24845,Toby Perkins,Labour,Chesterfield,1,
Tom Blenkinsop ,.,uk.m.24848,Tom Blenkinsop,Labour,Middlesbrough South and East Cleveland,1,
Tom Brake ,@thomasbrake ,.,.,Liberal Democrats,Carshalton and Wallington,1,
Tom Clarke,.,uk.m.10116,Tom Clarke,,,,1
Tom Greatrex,@tomjgreatrex,uk.m.24714,Tom Greatrex,,,,1
Tom Harris,@MrTCHarris,uk.m.10941,Tom Harris,,,,1
Tom Elliott ,@telliott_UUP ,.,.,Sinn Féin,Fermanagh and South Tyrone,1,
Tom Pursglove ,@VotePursglove ,.,.,Labour Co-operative,Corby,1,
Tom Tugendhat ,@TomTugendhat ,.,.,Conservative,Tonbridge and Malling,1,
Tom Watson ,@tom_watson ,uk.m.11309,Tom Watson,Labour,West Bromwich East,1,
Tommy Sheppard ,@TommySheppard ,.,.,Labour,Edinburgh East,1,
Tony Baldry,@TonyBaldry,uk.m.10023,Tony Baldry,,,,1
Tony Cunningham,@tcunninghammp1,uk.m.10834,Tony Cunningham,,,,1
Tony Lloyd,@tony4gtrmcr,uk.m.10367,Tony Lloyd,,,,1
Tracey Crouch ,@tracey_crouch ,uk.m.24871,Tracey Crouch,Conservative,Chatham and Aylesford,1,
Tristram Hunt ,@TristramHuntMP ,uk.m.24850,Tristram Hunt,Labour,Stoke-on-Trent Central,1,
Tulip Siddiq ,@TulipSiddiq ,,,Labour,Hampstead and Kilburn,1,
Valerie Vaz ,@Valerie_VazMP ,uk.m.24852,Valerie Vaz,Labour,Walsall South,1,
Vernon Coaker ,@Vernon_Coaker ,uk.m.10121,Vernon Coaker,Labour,Gedling,1,
Vicky Foxcroft ,@vickyfoxcroft ,.,.,Labour,Lewisham Deptford,1,
Victoria Atkins ,.,.,.,Conservative,Louth and Horncastle,1,
Victoria Prentis ,@VictoriaPrentis ,.,.,Conservative,Banbury,1,
"Victoria, Lady Borwick ",@backborwick ,.,.,Independent[a],Kensington,1,
Virendra Sharma ,@VirendraSharma ,uk.m.13934,Virendra Sharma,Labour,Ealing Southall,1,
Wayne David ,@WayneDavid_MP ,uk.m.10842,Wayne David,Labour,Caerphilly,1,
Wendy Morton ,@morton_wendy ,.,.,Conservative,Aldridge-Brownhills,1,
Wes Streeting ,@wesstreeting ,.,.,Conservative,Ilford North,1,
Will Quince ,@willquince ,.,.,Liberal Democrats,Colchester,1,
William Bain,@William_Bain,uk.m.24697,William Bain,,,,1
William Cash,@BillCashMP,uk.m.10095,William Cash,,,,1
William Hague,@WilliamJHague,uk.m.10251,William Hague,,,,1
William Wragg ,@William_Wragg ,.,.,Liberal Democrats,Hazel Grove,1,
Yasmin Qureshi ,@YasminQureshiMP ,uk.m.24775,Yasmin Qureshi,Labour,Bolton South East,1,
Yvette Cooper ,@YvetteCooperMP ,uk.m.10131,Yvette Cooper,Labour,"Normanton, Pontefract and Castleford",1,
Yvonne Fovargue ,@Y_FovargueMP ,uk.m.24805,Yvonne Fovargue,Labour,Makerfield,1,
Zac Goldsmith ,@ZacGoldsmith ,uk.m.24911,Zac Goldsmith,Conservative,Richmond Park,1,
